name,category,current_price,original_price,in_stock
Urban Blaze: Fury,Men Low Top Sneakers,2699,2699,Yes
Urban Blaze: Mojito,Men Low Top Sneakers,2699,2699,Yes
Urban Blaze: Butter,Men Low Top Sneakers,2699,2699,Yes
Top Gun: Maverick Kicks,Men High Top Sneakers,3499,3499,Yes
Hrmny In Chaos: VOL 2,Men Low Top Sneakers,2499,2499,Yes
Hrmny In Chaos: VOL 3,Men Low Top Sneakers,2499,2499,Yes
Urban Blaze: Crispy White,Men Low Top Sneakers,1999,1999,Yes
Urban Blaze: Cappuccino,Men Low Top Sneakers,2699,2699,Yes
Batman: The Dark Knight 2.0,Men High Top Sneakers,3499,3499,Yes
Urban Blaze: Latte,Men Low Top Sneakers,2799,2799,Yes
Kanso: Black,Men Low Top Sneakers,2299,2299,Yes
Transformers: BumbleBee,Men High Top Sneakers,3499,3499,Yes
Kanso: Beige,Men Low Top Sneakers,2399,2399,Yes
Wolverine X Deadpool,Men High Top Sneakers,2999,2999,Yes
TSS Originals: Earth,Men High Top Sneakers,2999,2999,Yes
Urban Blaze: Reverb,Men Low Top Sneakers,2899,2899,Yes
Urban Blaze: Tokyo,Men Low Top Sneakers,2699,2699,Yes
Urban Blaze: Ink Blue,Men Low Top Sneakers,2599,2599,Yes
Urban Blaze: The Joker,Men Low Top Sneakers,2699,2699,Yes
Urban Blaze: Grey,Men Low Top Sneakers,2599,2599,Yes
Urban Blaze: Reverse Mafia,Men Low Top Sneakers,2599,2599,Yes
Venom: Symbiote,Men High Top Sneakers,3299,3299,Yes
Urban Blaze: Skyline,Men Low Top Sneakers,2699,2699,Yes
Jurassic Park: Prehistoric Drive,Men Low Top Sneakers,2999,2999,Yes
Urban Blaze: Bumblebee,Men Low Top Sneakers,2699,2699,Yes
Urban Blaze: Racer,Men Low Top Sneakers,2699,2699,Yes
Naruto Shippuden: The Rogue Shinobi,Men Low Top Sneakers,2999,2999,Yes
Naruto: Akatsuki,Men Low Top Sneakers,1999,2699,Yes
Urban Blaze: Lavender,Men Low Top Sneakers,2599,2599,Yes
Urban Blaze: Olive,Men Low Top Sneakers,2599,2599,Yes
TSS Originals: Blue Blaze,Men Low Top Sneakers,2499,2499,Yes
Star Wars: Darth Vader,Men Low Top Sneakers,1999,2699,Yes
Urban Blaze: Athens,Men Low Top Sneakers,2799,2799,Yes
Flash: Scarlet Speedster,Men Low Top Sneakers,2899,2899,Yes
Deadpool: Utility Suit,Men High Top Sneakers,3399,3399,Yes
Urban Blaze: Splatter,Men Low Top Sneakers,2999,2999,Yes
TSS Originals: Swift Blue,Men Low Top Sneakers,2499,2499,Yes
Harry Potter: Slytherin,Men Low Top Sneakers,2699,2699,Yes
Harry Potter: Gryffindor,Men Low Top Sneakers,2699,2699,Yes
Urban Blaze: Underwater,Men Low Top Sneakers,2699,2699,Yes
Naruto: Split Sneakers,Men High Top Sneakers,2999,2999,Yes
TSS Originals: Black Hawk,Men Low Top Sneakers,2499,2499,Yes
Urban Blaze: Court Blue,Men Low Top Sneakers,2799,2799,Yes
Transformers: Optimus Prime,Men High Top Sneakers,3499,3499,Yes
Kanso: Yellow,Men Low Top Sneakers,2299,2299,Yes
Black Panther: Warrior,Men High Top Sneakers,3499,3499,Yes
Urban Blaze: Mafia,Men High Top Sneakers,2499,2499,Yes
Urban Blaze: Orange,Men Low Top Sneakers,2499,2499,Yes
Urban Blaze: Rock Salt,Men Low Top Sneakers,1899,2699,Yes
Naruto: Itachi,Men High Top Sneakers,2999,2999,Yes
Stitched Together: Vol 2,Men Low Top Sneakers,2699,2699,Yes
Superman: Icon,Men High Top Sneakers,1799,2499,Yes
Urban Blaze: Sangria,Men Low Top Sneakers,2499,2499,Yes
Spider-Man: Miles Morales,Men High Top Sneakers,2799,2799,Yes
Spider-Man: Split Sneakers,Men High Top Sneakers,2499,2499,Yes
TSS Originals: Meadows,Men Low Top Sneakers,2799,2799,Yes
Wolverine: Weapon X,Men Low Top Sneakers,1999,1999,Yes
All Day Classics: Dune,Men Low Top Sneakers,2499,2499,Yes
Urban Blaze: Plaid,Men Low Top Sneakers,2299,2299,Yes
Urban Blaze: Grassland,Men High Top Sneakers,2499,2499,Yes
Stitched Together: Vol 1,Men Low Top Sneakers,2699,2699,Yes
Urban Blaze: Black,Men Low Top Sneakers,2599,2599,Yes
Urban Blaze: Denim,Men Low Top Sneakers,2499,2499,Yes
Space Edition: Lunar2308,Men High Top Sneakers,2499,2499,Yes
Urban Blaze: Cassata,Men Low Top Sneakers,2299,2299,Yes
Star Wars: Stormtrooper,Men High Top Sneakers,2799,2799,Yes
Urban Blaze: Matte Black,Men Low Top Sneakers,2799,2799,Yes
Urban Blaze: Mocha,Men Low Top Sneakers,2699,2699,Yes
Batman: Caped Crusader,Men Low Top Sneakers,2899,2899,Yes
Urban Blaze: Hawkins,Men Low Top Sneakers,2699,2699,Yes
Urban Blaze: Olive,Men High Top Sneakers,2599,2599,Yes
Iron Man: 3000,Men Low Top Sneakers,2299,2299,Yes
Space Edition: Mars9182,Men High Top Sneakers,2499,2499,Yes
Captain America: Super Soldier,Men High Top Sneakers,2499,2499,Yes
TSS Originals: Cloudstep,Men Low Top Sneakers,2499,2499,Yes
Urban Blaze: Grassland,Men Low Top Sneakers,2499,2499,Yes
Rick And Morty: Aw Geez,Men High Top Sneakers,2499,2499,No
Hrmny In Chaos: VOL 1,Men Low Top Sneakers,2699,2699,No
Indie Beats: Beige,Men Low Top Sneakers,2699,2699,No
Punisher: Camo,Men High Top Sneakers,2499,2499,No
Star Wars: Stormtroopers,Men Lace Up Shoes,1499,1999,No
Superman: Man Of Steel,Men Low Top Sneakers,1999,1999,No
TSS Originals: Ignite,Men Low Top Sneakers,1999,1999,No
